{"format": "ellipse-binary-head", "status": "BUILT (verify with ellipse_certify.py)", "state": 29, "n": 171, "q_last": 1069, "verification": {"state": 29, "aspect_ratio_b_over_a": 0.6296271949192772, "orientation_pattern_degrees": [90, 90, 90, 90, 90, 0, 0, 0, 0, 0, 0, 90, 90, 0, 0, 90, 90, 0, 0, 0, 0, 0, 0, 90, 0, 0, 0, 0, 0, 0, 90, 0, 0, 0, 0, 0, 0, 90, 90, 90, 90, 90, 0, 90, 0, 90, 90, 0, 90, 90, 0, 0, 90, 0, 0, 90, 90, 90, 90, 0, 0, 90, 90, 90, 0, 90, 0, 0, 0, 90, 90, 0, 0, 0, 90, 0, 0, 0, 0, 0, 90, 90, 0, 0, 0, 90, 0, 90, 90, 0, 90, 90, 90, 0, 0, 0, 0, 0, 90, 90, 0, 90, 0, 0, 90, 0, 0, 90, 90, 0, 0, 90, 90, 0, 90, 90, 0, 90, 0, 90, 0, 90, 90, 0, 0, 0, 90, 90, 0, 90, 0, 0, 0, 0, 0, 0, 90, 90, 0, 0, 0, 90, 0, 0, 0, 0, 90, 0, 0, 0, 90, 0, 90, 0, 0, 0, 0, 90, 90, 0, 90, 0, 90, 90, 90, 0, 0, 90, 90, 90, 0], "centers": [[0.0012222097473874717, -3.5174259760287225e-18], [-0.2855469953509868, 3.815695426013204e-07], [0.2763343537797051, 2.209929032740387e-06], [0.5057162415407155, -2.5931478082744782e-05], [-0.5228809852389231, -0.0007942855686441288], [0.17198656631876083, 0.2718548075108534], [0.16786675289270706, -0.263978562836968], [-0.15179758696789855, -0.2631891539019942], [-0.1517017423252628, 0.25982019855024274], [-0.37706970020026054, 0.26667239066543497], [0.3977229882290487, -0.23152742907078744], [-0.4273498751019693, -0.22864683591181761], [0.40054763567495577, 0.224204085917306], [-0.018784560021880184, 0.3859234482222071], [0.0005313295607725166, -0.380413089943904], [0.6735110536301903, -0.007402809786689055], [-0.6847160855381573, 0.007764845951116349], [-0.24442555179396214, 0.38812884200259856], [-0.1718248079805359, -0.4042306512236499], [0.3445102219369642, -0.3589368989507393], [0.5593451720468059, 0.21631046727994208], [-0.32178677113708964, -0.35974607888186705], [-0.5810594991795593, -0.20457935248226472], [0.6252394852238055, -0.15841556158872536], [-0.5479541649558972, 0.21073303507935645], [0.14205566563965893, 0.4143679186369122], [0.1579453901434989, -0.4014702675653928], [0.3381172648833001, 0.3681795425478917], [-0.6550399709683885, 0.1448184671749444], [0.6479918233144731, 0.1329678376189329], [0.5564544443321158, -0.2580816974840187], [-0.6682656887722844, -0.1288080016966893], [0.5155600091689829, 0.30940273054842365], [-0.5526346558960298, -0.29398543715599756], [-0.1389815659353894, 0.4599710758279667], [-0.5404902282209558, 0.2992715917126411], [0.2639795572221101, 0.43824194211589457], [0.7119249958020435, -0.14451596155180074], [-0.14576495487247992, 0.12105560000341666], [0.49204482737530275, -0.33762906842000234], [0.1494107715218741, -0.11856920051471079], [0.7635779441825705, -0.059831699459791395], [-0.4237098062055582, 0.15738071049846236], [0.7450842305744196, 0.09301952970792432], [-0.44464225916549127, -0.37550974609006066], [-0.7663460959986068, -0.06174852348657039], [-0.14587496615188816, -0.12416812442505669], [0.2677458975808904, -0.4339029126092947], [0.14976754857328747, 0.12152143975014854], [-0.31193844399869786, -0.2216204749394809], [-0.06932378645301945, -0.4655415751225572], [0.0793756700257078, -0.46233870996706095], [-0.3683136777754615, 0.3922404826711019], [-0.4446695376993455, 0.3649638670377497], [0.057087754356356685, 0.46986684874885565], [0.4401966096213069, 0.36832743444298427], [-0.771364376003612, 0.03710037842287918], [-0.6513180215552759, 0.2353601230006932], [0.6748622008495702, 0.2193137738478944], [0.16548663961127238, -0.4754012302580408], [-0.29035267715369695, -0.4369742907083597], [-0.688349380094311, -0.2131814779972483], [0.395108724463867, -0.11353208495416182], [0.7911143837414317, 0.027352335828117844], [0.6419200843590114, -0.26171767460373674], [-0.7474283350192563, 0.11562315839898409], [0.38845501159581314, 0.43176885697632184], [0.6120027015085422, 0.2900910549356196], [0.005158260379851313, 0.22356609965085125], [0.004118282979564991, -0.27546526742952404], [-0.7045825237769627, 0.21837599734497057], [-0.529033739014504, -0.3574820755614403], [-0.38889210845784905, -0.4231043914271744], [-0.04631675526117633, 0.4755748900414848], [0.7235804539209453, 0.18462560612825066], [0.13507906296720043, 0.4849804342379058], [-0.233080247747003, -0.4746659900252832], [0.44747085392334074, -0.4050217155919929], [0.5077773990492964, 0.3742381010723218], [-0.23105696721651622, 0.4691380439447649], [-0.7563275755028456, -0.14461775451106837], [0.007893655266420135, -0.4805974378748801], [-0.32564755098066456, 0.45059931264936937], [-0.1475101290636704, -0.48213796342831416], [0.6222814624386073, -0.3098014885250825], [-0.5148200697951448, 0.3711594404983056], [0.6949149203402181, -0.2250459722206911], [-0.624526824399616, 0.3045313191718829], [-0.6367959604704143, -0.27769808604962815], [0.5626954080925782, -0.3469908434162347], [0.7709213664918009, -0.14294545196136169], [-0.8114243695181169, -0.012534898594206256], [0.3390597509990416, -0.4476019794894248], [-0.4298546580851128, 0.4154674466986203], [0.5718800768746775, 0.3597941166121251], [0.30075732086907947, 0.18804955697360376], [0.2427839089287575, 0.3789303664562132], [-0.7500816952762801, 0.17826241470875548], [-0.7940351266095051, 0.10670623334665068], [-0.007993347773046451, 0.2836501998259256], [0.5207658078518205, -0.1781090316550518], [0.8167194888003909, -0.035854811095736266], [-0.5675288490958945, 0.3557015996843357], [0.02019914555745652, -0.21420439297401328], [0.799405787272057, 0.09581726503860141], [0.11202304363036207, -0.5087604113262668], [-0.10064999525584636, -0.5122405722759377], [0.39509160058797776, 0.09690496632982813], [-0.4170931252491914, 0.09028036836159531], [0.38861361534895306, -0.428702251494258], [0.0005497140966030699, 0.5079093633966681], [-0.7348323226122032, -0.20343573769801135], [0.7659083322806328, 0.16877287203129807], [0.23428083589667154, -0.4807942358927328], [0.14841909495421396, 0.046565184047062516], [0.19623539626595338, 0.47739019263663324], [-0.33433199570768213, -0.2889357678085357], [-0.4173746401922659, -0.09849310474894483], [-0.5917014441907293, -0.34637643585604827], [-0.8184887441631985, 0.04524475531945539], [0.4840494955668269, 0.4131598301663707], [0.10551768893317925, 0.15984068470935203], [0.7550938939909771, -0.1988172469625921], [0.20065387894911066, 0.16224239803275486], [0.2992529982005959, -0.4796887527374646], [-0.4002718180660792, 0.4492884807319647], [-0.7958491258780658, -0.12716776904978527], [-0.145502765344394, -0.05020031277726567], [-0.3530529113382396, -0.4588027717931457], [0.8042646597924471, -0.11186771637441373], [-0.0896870684997263, 0.5070420423462957], [0.6748431214992445, 0.28142188857392336], [0.052548952305297866, -0.5076017367578134], [0.05302876086011263, 0.5162059294692589], [-0.03586376762277205, -0.5090582000994857], [0.20181852073987527, -0.16217581875505657], [0.7168790243832608, 0.24488965785443043], [0.33785300868453927, 0.4597376390775375], [0.6130303249066952, 0.3327011425722003], [-0.19385736482873908, -0.1681151275154168], [-0.6847658767383737, -0.2733254899313766], [-0.815628057133698, -0.06785626352739357], [-0.19580730686858772, 0.16810121142571288], [0.5418542508359123, -0.3827680243580405], [-0.19593252756064822, 0.5020373607572173], [-0.09749724255807787, 0.17035915934242488], [-0.13713933121128358, 0.3716816090029125], [0.2782546344550769, -0.18272880639944805], [-0.670773974820881, 0.29306986989068096], [-0.44859749749085875, -0.42485434367630126], [0.44052257470109385, -0.3246751492979387], [0.23826686507957645, 0.4898150047145914], [0.10451046662790686, -0.16038087912258298], [-0.27404027404317477, 0.19884208348563762], [0.7038688486275946, -0.2623459449233858], [-0.10034280585111684, -0.17003329191387975], [-0.6357182313482967, -0.3277017540621513], [0.680921217036397, -0.30013723375622364], [0.24181962590455583, -0.3696640853871863], [-0.5132475751592216, -0.396290868131128], [-0.7687041338763754, -0.1999558424639389], [-0.7532342883534323, 0.21352744904543097], [0.8267007855854, 0.061889923245434846], 