{"format": "ellipse-binary-head", "status": "BUILT (verify with ellipse_certify.py)", "state": 31, "n": 115, "q_last": 691, "verification": {"state": 31, "aspect_ratio_b_over_a": 0.6296271949192772, "orientation_pattern_degrees": [90, 90, 90, 90, 90, 0, 0, 0, 0, 0, 90, 90, 90, 0, 0, 90, 90, 0, 90, 0, 0, 0, 90, 0, 0, 0, 0, 90, 90, 0, 0, 90, 90, 0, 0, 90, 0, 90, 0, 90, 0, 90, 0, 90, 0, 0, 0, 90, 90, 0, 0, 0, 0, 0, 90, 90, 90, 0, 0, 0, 0, 0, 90, 0, 0, 90, 0, 0, 90, 0, 0, 0, 90, 90, 90, 0, 0, 0, 90, 90, 90, 0, 0, 0, 0, 0, 90, 90, 0, 0, 90, 0, 0, 0, 90, 0, 90, 90, 0, 0, 90, 90, 0, 0, 90, 0, 0, 0, 90, 0, 90, 0, 90, 90, 90], "centers": [[0.00744134973288261, -7.032801038139085e-15], [-0.26554345105375887, 3.9884404938776656e-07], [0.2726724717627891, -1.7234109255181286e-06], [-0.4959138630945157, -9.439386962254086e-05], [0.49027363740995483, 0.0005095376978678382], [0.1721547554548994, -0.260643394223263], [0.17035554927410967, 0.2524462539026421], [-0.14794737608511943, 0.2536261527952704], [-0.14753313929558382, -0.24643698915691445], [-0.3730992911568016, 0.24413060120483288], [-0.39451176847676356, -0.2301838891844791], [0.3828679797671007, 0.22668461685225183], [0.3953717369232371, -0.21513431806113262], [-0.015857385278116053, -0.369439507735808], [0.009639446704735623, 0.3663760604433829], [0.6513639810310656, -0.0070007372022481565], [-0.6612409880791763, -0.007288866751012891], [-0.23543033798725196, -0.37384955763617705], [0.523708481254828, -0.2175020286684417], [-0.2842042218105561, 0.36544985575698447], [0.539877233979261, 0.20552576324219185], [0.17096638294836486, 0.3914668572663173], [-0.5437317414699565, 0.21303230252830782], [-0.5497731006336174, -0.20919877806030973], [0.1435101188949368, -0.4002346443209163], [0.32961802322835687, -0.3593150565405902], [-0.14181263488160997, 0.40246412446166696], [-0.6300864989432478, 0.1401578316634208], [0.6202197353387351, -0.15474728626359469], [0.6466606501282941, 0.13461168069132337], [-0.5238093612996498, -0.30066645330072084], [0.30482867602241814, 0.3595739393725412], [0.48079873289968333, 0.31247217381519365], [-0.6523934451970994, -0.1440928622100782], [0.4729387230290965, -0.33917531034278176], [-0.7147531643490974, 0.12555400689195056], [-0.42017545076493534, 0.3548743092464795], [0.7440130271583614, -0.05713021428195975], [-0.12998174752050623, -0.44292657226559606], [-0.7558034759701595, -0.03424631686135992], [0.0752279896827894, 0.4558980570235535], [0.7336368094886447, 0.07328491229628838], [0.403033955091082, 0.37858387529961673], [0.15117188266409448, 0.11311099946091505], [-0.0459403077002639, 0.45657371280427217], [0.25816350515940456, -0.427494487552755], [0.05257330304097659, -0.4584194658388119], [0.6982405976926871, -0.1440885805547891], [-0.36122404833960237, -0.3793257164955442], [-0.44567179413023805, -0.36821275046463303], [-0.5176703218410601, 0.322616131558468], [0.15367986823247287, -0.13819784695455448], [-0.13755954911652413, 0.13898124748720983], [0.5687712193455298, 0.28728454859478464], [-0.1363402498005442, -0.11581094561769462], [-0.6558805254919482, -0.23287837595281977], [0.6511815561924288, 0.2254514984839734], [-0.6378616258149599, 0.24106705256167177], [0.6226484304417874, -0.2544571409195099], [-0.22367382624959087, -0.45966601981997013], [0.26382915919118777, 0.44577941096414525], [-0.23925108458803773, 0.444799770539772], [-0.29561445226261607, -0.28027612058931106], [-0.3868784692454429, 0.4173959116499203], [-0.03857376676500468, -0.4612485907615135], [-0.3874750356997074, 0.12261098931280869], [0.5687879158018273, -0.323642040605473], [-0.1324109776393289, 0.4746287998283514], [0.7052665172922613, 0.2037164252124575], [-0.606441585445804, 0.2927964712032462], [0.16442331114602055, 0.4684084307735728], [0.13697000871652246, -0.47324674890257007], [-0.0022609680385216745, -0.21620981263991998], [-0.7627966380516937, 0.055387553914114644], [0.7837804009636765, 0.018987756373133515], [0.01772256865775583, 0.21553089722552432], [0.4264998895689074, -0.39710459833230266], [-0.31400870178293283, -0.43939996127180964], [-0.13556781479410135, 0.06881223873665562], [-0.707786978877414, -0.2075862631661347], [-0.7381872000943347, -0.12073604072021751], [0.35865307308459077, -0.4276723473353514], [0.016314127674853327, 0.2703786645435096], [0.6835937964508068, -0.2189457282831644], [0.7456030076861848, 0.1519351762772807], [0.5548492207697235, 0.3402213642642993], [-0.6124014324810727, -0.28211929165688493], [0.1504578743100474, -0.06914387541853025], [-0.31291144153290606, 0.4415273746505528], [-0.2811421094099127, -0.1933546591882798], [-0.7009972724132958, 0.2141816288963132], [-0.5051785621964788, 0.37593398044126514], [0.35648725427155653, 0.4278844440187314], [0.012868532975565474, 0.49777795769116706], [0.7527689395329085, -0.1421208846555696], [0.29619516884835756, -0.1810915793424705], [0.8015684956891934, -0.045770423533968645], [0.7894542387676791, 0.0857231777868445], [-0.41798546935767344, -0.41840077468956566], [-0.09220153127296297, -0.4951262092881843], [-0.7747362171808625, 0.12114756339231876], [-0.7823287154820318, -0.11312802550891621], [-0.522505093881892, -0.3635295242179482], [0.20395227609475555, -0.4697703678067083], [-0.8016092836187596, 0.01848156349530027], [0.0009140974746296932, -0.5011360299132392], [0.48167600242345066, 0.3967896354658394], [-0.010973182797784503, -0.2797374876473739], [0.6362751093872526, 0.29568491262776275], [-0.4550441192408261, 0.40838045790559757], [-0.8114578420420662, -0.03906017348415982], [0.6326357037203993, -0.3019912661192046], [-0.3870308931679183, -0.09682138530547578], [0.7368651525436705, -0.19949890322837288], [0.6908967949850935, 0.26844515232212796]],